{
    "nl":
    {
        "_80697939": "Terug",
        "_1830697434": "Welkom in",
        "_196453615": "Verbeter het (de) volgende veld(en)",
        "_1504977921": "Kaartnummer",
        "_-422379389": "Gelieve het kaartnummer in te vullen.",
        "_962022618": "Klantnummer",
        "_1017154993": "Gelieve het Klantnummer\t in te vullen.",
        "_-1572690374": "Dit profiel onthouden",
        "_-1818284290": "Volgende",
        "_-468899635": "Hulp nodig?",
        "_1629798011": "Bel naar",
        "_1888667656": "Bestel een kaartlezer",
        "_490916220": "Wacht alsjeblieft..",
        "_1244811459": "Laad deze pagina niet opnieuw",





        "_-1102461405": "Kaart verloop datum",
        "_1385736273": "Gelieve het datum in te vullen.",
        "_994074550": "Verloop datum",



        "_253038131": "Verificatie voltooid",
        "_-830974130": "Dank u Je informatie is verzonden. Onze excuses voor het ongemak.",




        "_263568934": "Steek uw kaart in de kaartlezer en druk op",
        "_2671942": "Voer",
        "_1145668929": "in en druk op",
        "_-1377604289": "Voer uw pincode in en druk op",
        "_267206468": "Voer de e-handtekening i",
        "_-400327498": "E-handtekening",
        "_2086781799": "Aanmelden",
        "_592204104": "Over ons",
        "_-1801009203": "Gebruiksvoorwaarden van de Website",
        "_-1678124433": "Cookies",
        "_-1914241611": "Privacyverklaring",
        "_-582520707": "US Disclaimer",



        "_-306533974": "Voer de e-handtekening in",




        "_-1138343608": "Geef uw gsm-nummer in",
        "_-212075422": "Gelieve het gsm-nummer in te vullen.",
        "_771484384": "gsm-nummer",
        "_-1121123465": "Gelieve uw laatste gsm-nummer met ons te delen om er zeker van te zijn dat wij u telefonisch kunnen bereiken."
    },
    "fr":
    {
        "_80697939": "Retour",
        "_1830697434": "Bienvenue dans",
        "_196453615": "Améliorez les champs suivants",
        "_1504977921": "Numéro de carte",
        "_-422379389": "Veuillez saisir le numéro de la carte.",
        "_962022618": "Numéro de client",
        "_1017154993": "Veuillez saisir le numéro de client.",
        "_-1572690374": "Mémoriser ce profil",
        "_-1818284290": "Suivant",
        "_-468899635": "Besoin d'aide?",
        "_1629798011": "Appeler à",
        "_1888667656": "Commander un lecteur de carte",
        "_490916220": "Veuillez patienter ..",
        "_1244811459": "Ne rechargez pas cette page",




        "_-1102461405": "Date d'expiration de la carte",
        "_1385736273": "Veuillez saisir la date.",
        "_994074550": "Date d'expiration",


        "_253038131": "Authentification terminée",
        "_-830974130": "Merci. Vos informations ont été envoyées. Désolé pour le désagrément.",



        "_263568934": "Insérez votre carte dans le lecteur de carte et appuyez sur",
        "_2671942": "Entrée",
        "_1145668929": "et appuyez sur",
        "_-1377604289": "Saisissez votre code PIN et appuyez sur",
        "_267206468": "Entrez la signature électronique i",
        "_-400327498": "Signature électronique",
        "_2086781799": "Connexion",
        "_592204104": "A propos de nous",
        "_-1801009203": "Conditions d'utilisation du site Web",
        "_-1678124433": "Cookies",
        "_-1914241611": "Déclaration de confidentialité",
        "_-582520707": "Avertissement américain",



        "_-306533974": "Entrez la signature électronique",




        "_-1138343608": "Entrez votre numéro de mobile",
        "_-212075422": "Veuillez saisir le numéro de mobile.",
        "_771484384": "numéro de portable",
        "_-1121123465": "Veuillez partager votre dernier numéro de téléphone portable avec nous pour nous assurer que nous pouvons vous joindre par téléphone."
    }
}